{"mean": [0.45026525198938994, 50.25708517536104, 0.1532567049808429, 0.09195402298850575, 29.361766872973767, 6.159084880636605, 163.01989389920425], "scale": [0.4975203059577781, 21.543155739166895, 0.3602347670051543, 0.2889610365511847, 7.475357996499671, 1.2773454480368676, 56.945524035529345]}